Model,Accuracy
Logistic Regression,0.7743682310469314
Naive Bayes,0.7689530685920578
KNN,0.8664259927797834
SVM,0.8249097472924187
Decision Tree,0.98014440433213
Random Forest,0.9819494584837545
AdaBoost,0.779783393501805
LightGBM,0.9819494584837545
